[
  {
    "country_id": "1001",
    "name": "Afghanistan",
    "iso_code": "AF"
  },
  {
    "country_id": "1002",
    "name": "Albania",
    "iso_code": "AL"
  },
  {
    "country_id": "1003",
    "name": "Algeria",
    "iso_code": "DZ"
  },
  {
    "country_id": "1004",
    "name": "American Samoa",
    "iso_code": "AS"
  },
  {
    "country_id": "1005",
    "name": "Andorra",
    "iso_code": "AD"
  },
  {
    "country_id": "1006",
    "name": "Angola",
    "iso_code": "AO"
  },
  {
    "country_id": "1007",
    "name": "Anguilla",
    "iso_code": "AI"
  },
  {
    "country_id": "1008",
    "name": "Antarctica",
    "iso_code": "AQ"
  },
  {
    "country_id": "1009",
    "name": "Antigua and Barbuda",
    "iso_code": "AG"
  },
  {
    "country_id": "1010",
    "name": "Argentina",
    "iso_code": "AR"
  },
  {
    "country_id": "1011",
    "name": "Armenia",
    "iso_code": "AM"
  },
  {
    "country_id": "1012",
    "name": "Aruba",
    "iso_code": "AW"
  },
  {
    "country_id": "1013",
    "name": "Australia",
    "iso_code": "AU"
  },
  {
    "country_id": "1014",
    "name": "Austria",
    "iso_code": "AT"
  },
  {
    "country_id": "1015",
    "name": "Azerbaijan",
    "iso_code": "AZ"
  },
  {
    "country_id": "1016",
    "name": "Bahrain",
    "iso_code": "BH"
  },
  {
    "country_id": "1017",
    "name": "Bangladesh",
    "iso_code": "BD"
  },
  {
    "country_id": "1018",
    "name": "Barbados",
    "iso_code": "BB"
  },
  {
    "country_id": "1019",
    "name": "Belarus",
    "iso_code": "BY"
  },
  {
    "country_id": "1020",
    "name": "Belgium",
    "iso_code": "BE"
  },
  {
    "country_id": "1021",
    "name": "Belize",
    "iso_code": "BZ"
  },
  {
    "country_id": "1022",
    "name": "Benin",
    "iso_code": "BJ"
  },
  {
    "country_id": "1023",
    "name": "Bermuda",
    "iso_code": "BM"
  },
  {
    "country_id": "1024",
    "name": "Bhutan",
    "iso_code": "BT"
  },
  {
    "country_id": "1025",
    "name": "Bolivia",
    "iso_code": "BO"
  },
  {
    "country_id": "1026",
    "name": "Bosnia and Herzegovina",
    "iso_code": "BA"
  },
  {
    "country_id": "1027",
    "name": "Botswana",
    "iso_code": "BW"
  },
  {
    "country_id": "1028",
    "name": "Bouvet Island",
    "iso_code": "BV"
  },
  {
    "country_id": "1029",
    "name": "Brazil",
    "iso_code": "BR"
  },
  {
    "country_id": "1030",
    "name": "British Indian Ocean Territory",
    "iso_code": "IO"
  },
  {
    "country_id": "1031",
    "name": "Virgin Islands, British",
    "iso_code": "VG"
  },
  {
    "country_id": "1032",
    "name": "Brunei Darussalam",
    "iso_code": "BN"
  },
  {
    "country_id": "1033",
    "name": "Bulgaria",
    "iso_code": "BG"
  },
  {
    "country_id": "1034",
    "name": "Burkina Faso",
    "iso_code": "BF"
  },
  {
    "country_id": "1035",
    "name": "Myanmar",
    "iso_code": "MM"
  },
  {
    "country_id": "1036",
    "name": "Burundi",
    "iso_code": "BI"
  },
  {
    "country_id": "1037",
    "name": "Cambodia",
    "iso_code": "KH"
  },
  {
    "country_id": "1038",
    "name": "Cameroon",
    "iso_code": "CM"
  },
  {
    "country_id": "1039",
    "name": "Canada",
    "iso_code": "CA"
  },
  {
    "country_id": "1040",
    "name": "Cape Verde",
    "iso_code": "CV"
  },
  {
    "country_id": "1041",
    "name": "Cayman Islands",
    "iso_code": "KY"
  },
  {
    "country_id": "1042",
    "name": "Central African Republic",
    "iso_code": "CF"
  },
  {
    "country_id": "1043",
    "name": "Chad",
    "iso_code": "TD"
  },
  {
    "country_id": "1044",
    "name": "Chile",
    "iso_code": "CL"
  },
  {
    "country_id": "1045",
    "name": "China",
    "iso_code": "CN"
  },
  {
    "country_id": "1046",
    "name": "Christmas Island",
    "iso_code": "CX"
  },
  {
    "country_id": "1047",
    "name": "Cocos (Keeling) Islands",
    "iso_code": "CC"
  },
  {
    "country_id": "1048",
    "name": "Colombia",
    "iso_code": "CO"
  },
  {
    "country_id": "1049",
    "name": "Comoros",
    "iso_code": "KM"
  },
  {
    "country_id": "1050",
    "name": "Congo, The Democratic Republic of the",
    "iso_code": "CD"
  },
  {
    "country_id": "1051",
    "name": "Congo",
    "iso_code": "CG"
  },
  {
    "country_id": "1052",
    "name": "Cook Islands",
    "iso_code": "CK"
  },
  {
    "country_id": "1053",
    "name": "Costa Rica",
    "iso_code": "CR"
  },
  {
    "country_id": "1054",
    "name": "Côte d'Ivoire",
    "iso_code": "CI"
  },
  {
    "country_id": "1055",
    "name": "Croatia",
    "iso_code": "HR"
  },
  {
    "country_id": "1056",
    "name": "Cuba",
    "iso_code": "CU"
  },
  {
    "country_id": "1057",
    "name": "Cyprus",
    "iso_code": "CY"
  },
  {
    "country_id": "1058",
    "name": "Czech Republic",
    "iso_code": "CZ"
  },
  {
    "country_id": "1059",
    "name": "Denmark",
    "iso_code": "DK"
  },
  {
    "country_id": "1060",
    "name": "Djibouti",
    "iso_code": "DJ"
  },
  {
    "country_id": "1061",
    "name": "Dominica",
    "iso_code": "DM"
  },
  {
    "country_id": "1062",
    "name": "Dominican Republic",
    "iso_code": "DO"
  },
  {
    "country_id": "1063",
    "name": "Timor-Leste",
    "iso_code": "TL"
  },
  {
    "country_id": "1064",
    "name": "Ecuador",
    "iso_code": "EC"
  },
  {
    "country_id": "1065",
    "name": "Egypt",
    "iso_code": "EG"
  },
  {
    "country_id": "1066",
    "name": "El Salvador",
    "iso_code": "SV"
  },
  {
    "country_id": "1067",
    "name": "Equatorial Guinea",
    "iso_code": "GQ"
  },
  {
    "country_id": "1068",
    "name": "Eritrea",
    "iso_code": "ER"
  },
  {
    "country_id": "1069",
    "name": "Estonia",
    "iso_code": "EE"
  },
  {
    "country_id": "1070",
    "name": "Ethiopia",
    "iso_code": "ET"
  },
  {
    "country_id": "1072",
    "name": "Falkland Islands (Malvinas)",
    "iso_code": "FK"
  },
  {
    "country_id": "1073",
    "name": "Faroe Islands",
    "iso_code": "FO"
  },
  {
    "country_id": "1074",
    "name": "Fiji",
    "iso_code": "FJ"
  },
  {
    "country_id": "1075",
    "name": "Finland",
    "iso_code": "FI"
  },
  {
    "country_id": "1076",
    "name": "France",
    "iso_code": "FR"
  },
  {
    "country_id": "1077",
    "name": "French Guiana",
    "iso_code": "GF"
  },
  {
    "country_id": "1078",
    "name": "French Polynesia",
    "iso_code": "PF"
  },
  {
    "country_id": "1079",
    "name": "French Southern Territories",
    "iso_code": "TF"
  },
  {
    "country_id": "1080",
    "name": "Gabon",
    "iso_code": "GA"
  },
  {
    "country_id": "1081",
    "name": "Georgia",
    "iso_code": "GE"
  },
  {
    "country_id": "1082",
    "name": "Germany",
    "iso_code": "DE"
  },
  {
    "country_id": "1083",
    "name": "Ghana",
    "iso_code": "GH"
  },
  {
    "country_id": "1084",
    "name": "Gibraltar",
    "iso_code": "GI"
  },
  {
    "country_id": "1085",
    "name": "Greece",
    "iso_code": "GR"
  },
  {
    "country_id": "1086",
    "name": "Greenland",
    "iso_code": "GL"
  },
  {
    "country_id": "1087",
    "name": "Grenada",
    "iso_code": "GD"
  },
  {
    "country_id": "1088",
    "name": "Guadeloupe",
    "iso_code": "GP"
  },
  {
    "country_id": "1089",
    "name": "Guam",
    "iso_code": "GU"
  },
  {
    "country_id": "1090",
    "name": "Guatemala",
    "iso_code": "GT"
  },
  {
    "country_id": "1091",
    "name": "Guinea",
    "iso_code": "GN"
  },
  {
    "country_id": "1092",
    "name": "Guinea-Bissau",
    "iso_code": "GW"
  },
  {
    "country_id": "1093",
    "name": "Guyana",
    "iso_code": "GY"
  },
  {
    "country_id": "1094",
    "name": "Haiti",
    "iso_code": "HT"
  },
  {
    "country_id": "1095",
    "name": "Heard Island and McDonald Islands",
    "iso_code": "HM"
  },
  {
    "country_id": "1096",
    "name": "Holy See (Vatican City State)",
    "iso_code": "VA"
  },
  {
    "country_id": "1097",
    "name": "Honduras",
    "iso_code": "HN"
  },
  {
    "country_id": "1098",
    "name": "Hong Kong",
    "iso_code": "HK"
  },
  {
    "country_id": "1099",
    "name": "Hungary",
    "iso_code": "HU"
  },
  {
    "country_id": "1100",
    "name": "Iceland",
    "iso_code": "IS"
  },
  {
    "country_id": "1101",
    "name": "India",
    "iso_code": "IN"
  },
  {
    "country_id": "1102",
    "name": "Indonesia",
    "iso_code": "ID"
  },
  {
    "country_id": "1103",
    "name": "Iran, Islamic Republic of",
    "iso_code": "IR"
  },
  {
    "country_id": "1104",
    "name": "Iraq",
    "iso_code": "IQ"
  },
  {
    "country_id": "1105",
    "name": "Ireland",
    "iso_code": "IE"
  },
  {
    "country_id": "1106",
    "name": "Israel",
    "iso_code": "IL"
  },
  {
    "country_id": "1107",
    "name": "Italy",
    "iso_code": "IT"
  },
  {
    "country_id": "1108",
    "name": "Jamaica",
    "iso_code": "JM"
  },
  {
    "country_id": "1109",
    "name": "Japan",
    "iso_code": "JP"
  },
  {
    "country_id": "1110",
    "name": "Jordan",
    "iso_code": "JO"
  },
  {
    "country_id": "1111",
    "name": "Kazakhstan",
    "iso_code": "KZ"
  },
  {
    "country_id": "1112",
    "name": "Kenya",
    "iso_code": "KE"
  },
  {
    "country_id": "1113",
    "name": "Kiribati",
    "iso_code": "KI"
  },
  {
    "country_id": "1114",
    "name": "Korea, Democratic People's Republic of",
    "iso_code": "KP"
  },
  {
    "country_id": "1115",
    "name": "Korea, Republic of",
    "iso_code": "KR"
  },
  {
    "country_id": "1116",
    "name": "Kuwait",
    "iso_code": "KW"
  },
  {
    "country_id": "1117",
    "name": "Kyrgyzstan",
    "iso_code": "KG"
  },
  {
    "country_id": "1118",
    "name": "Lao People's Democratic Republic",
    "iso_code": "LA"
  },
  {
    "country_id": "1119",
    "name": "Latvia",
    "iso_code": "LV"
  },
  {
    "country_id": "1120",
    "name": "Lebanon",
    "iso_code": "LB"
  },
  {
    "country_id": "1121",
    "name": "Lesotho",
    "iso_code": "LS"
  },
  {
    "country_id": "1122",
    "name": "Liberia",
    "iso_code": "LR"
  },
  {
    "country_id": "1123",
    "name": "Libyan Arab Jamahiriya",
    "iso_code": "LY"
  },
  {
    "country_id": "1124",
    "name": "Liechtenstein",
    "iso_code": "LI"
  },
  {
    "country_id": "1125",
    "name": "Lithuania",
    "iso_code": "LT"
  },
  {
    "country_id": "1126",
    "name": "Luxembourg",
    "iso_code": "LU"
  },
  {
    "country_id": "1127",
    "name": "Macao",
    "iso_code": "MO"
  },
  {
    "country_id": "1128",
    "name": "Macedonia, Republic of",
    "iso_code": "MK"
  },
  {
    "country_id": "1129",
    "name": "Madagascar",
    "iso_code": "MG"
  },
  {
    "country_id": "1130",
    "name": "Malawi",
    "iso_code": "MW"
  },
  {
    "country_id": "1131",
    "name": "Malaysia",
    "iso_code": "MY"
  },
  {
    "country_id": "1132",
    "name": "Maldives",
    "iso_code": "MV"
  },
  {
    "country_id": "1133",
    "name": "Mali",
    "iso_code": "ML"
  },
  {
    "country_id": "1134",
    "name": "Malta",
    "iso_code": "MT"
  },
  {
    "country_id": "1135",
    "name": "Marshall Islands",
    "iso_code": "MH"
  },
  {
    "country_id": "1136",
    "name": "Martinique",
    "iso_code": "MQ"
  },
  {
    "country_id": "1137",
    "name": "Mauritania",
    "iso_code": "MR"
  },
  {
    "country_id": "1138",
    "name": "Mauritius",
    "iso_code": "MU"
  },
  {
    "country_id": "1139",
    "name": "Mayotte",
    "iso_code": "YT"
  },
  {
    "country_id": "1140",
    "name": "Mexico",
    "iso_code": "MX"
  },
  {
    "country_id": "1141",
    "name": "Micronesia, Federated States of",
    "iso_code": "FM"
  },
  {
    "country_id": "1142",
    "name": "Moldova",
    "iso_code": "MD"
  },
  {
    "country_id": "1143",
    "name": "Monaco",
    "iso_code": "MC"
  },
  {
    "country_id": "1144",
    "name": "Mongolia",
    "iso_code": "MN"
  },
  {
    "country_id": "1145",
    "name": "Montserrat",
    "iso_code": "MS"
  },
  {
    "country_id": "1146",
    "name": "Morocco",
    "iso_code": "MA"
  },
  {
    "country_id": "1147",
    "name": "Mozambique",
    "iso_code": "MZ"
  },
  {
    "country_id": "1148",
    "name": "Namibia",
    "iso_code": "NA"
  },
  {
    "country_id": "1149",
    "name": "Nauru",
    "iso_code": "NR"
  },
  {
    "country_id": "1150",
    "name": "Nepal",
    "iso_code": "NP"
  },
  {
    "country_id": "1151",
    "name": "Netherlands Antilles",
    "iso_code": "AN"
  },
  {
    "country_id": "1152",
    "name": "Netherlands",
    "iso_code": "NL"
  },
  {
    "country_id": "1153",
    "name": "New Caledonia",
    "iso_code": "NC"
  },
  {
    "country_id": "1154",
    "name": "New Zealand",
    "iso_code": "NZ"
  },
  {
    "country_id": "1155",
    "name": "Nicaragua",
    "iso_code": "NI"
  },
  {
    "country_id": "1156",
    "name": "Niger",
    "iso_code": "NE"
  },
  {
    "country_id": "1157",
    "name": "Nigeria",
    "iso_code": "NG"
  },
  {
    "country_id": "1158",
    "name": "Niue",
    "iso_code": "NU"
  },
  {
    "country_id": "1159",
    "name": "Norfolk Island",
    "iso_code": "NF"
  },
  {
    "country_id": "1160",
    "name": "Northern Mariana Islands",
    "iso_code": "MP"
  },
  {
    "country_id": "1161",
    "name": "Norway",
    "iso_code": "NO"
  },
  {
    "country_id": "1162",
    "name": "Oman",
    "iso_code": "OM"
  },
  {
    "country_id": "1163",
    "name": "Pakistan",
    "iso_code": "PK"
  },
  {
    "country_id": "1164",
    "name": "Palau",
    "iso_code": "PW"
  },
  {
    "country_id": "1165",
    "name": "Palestinian Territory, Occupied",
    "iso_code": "PS"
  },
  {
    "country_id": "1166",
    "name": "Panama",
    "iso_code": "PA"
  },
  {
    "country_id": "1167",
    "name": "Papua New Guinea",
    "iso_code": "PG"
  },
  {
    "country_id": "1168",
    "name": "Paraguay",
    "iso_code": "PY"
  },
  {
    "country_id": "1169",
    "name": "Peru",
    "iso_code": "PE"
  },
  {
    "country_id": "1170",
    "name": "Philippines",
    "iso_code": "PH"
  },
  {
    "country_id": "1171",
    "name": "Pitcairn",
    "iso_code": "PN"
  },
  {
    "country_id": "1172",
    "name": "Poland",
    "iso_code": "PL"
  },
  {
    "country_id": "1173",
    "name": "Portugal",
    "iso_code": "PT"
  },
  {
    "country_id": "1174",
    "name": "Puerto Rico",
    "iso_code": "PR"
  },
  {
    "country_id": "1175",
    "name": "Qatar",
    "iso_code": "QA"
  },
  {
    "country_id": "1176",
    "name": "Romania",
    "iso_code": "RO"
  },
  {
    "country_id": "1177",
    "name": "Russian Federation",
    "iso_code": "RU"
  },
  {
    "country_id": "1178",
    "name": "Rwanda",
    "iso_code": "RW"
  },
  {
    "country_id": "1179",
    "name": "Reunion",
    "iso_code": "RE"
  },
  {
    "country_id": "1180",
    "name": "Saint Helena",
    "iso_code": "SH"
  },
  {
    "country_id": "1181",
    "name": "Saint Kitts and Nevis",
    "iso_code": "KN"
  },
  {
    "country_id": "1182",
    "name": "Saint Lucia",
    "iso_code": "LC"
  },
  {
    "country_id": "1183",
    "name": "Saint Pierre and Miquelon",
    "iso_code": "PM"
  },
  {
    "country_id": "1184",
    "name": "Saint Vincent and the Grenadines",
    "iso_code": "VC"
  },
  {
    "country_id": "1185",
    "name": "Samoa",
    "iso_code": "WS"
  },
  {
    "country_id": "1186",
    "name": "San Marino",
    "iso_code": "SM"
  },
  {
    "country_id": "1187",
    "name": "Saudi Arabia",
    "iso_code": "SA"
  },
  {
    "country_id": "1188",
    "name": "Senegal",
    "iso_code": "SN"
  },
  {
    "country_id": "1189",
    "name": "Seychelles",
    "iso_code": "SC"
  },
  {
    "country_id": "1190",
    "name": "Sierra Leone",
    "iso_code": "SL"
  },
  {
    "country_id": "1191",
    "name": "Singapore",
    "iso_code": "SG"
  },
  {
    "country_id": "1192",
    "name": "Slovakia",
    "iso_code": "SK"
  },
  {
    "country_id": "1193",
    "name": "Slovenia",
    "iso_code": "SI"
  },
  {
    "country_id": "1194",
    "name": "Solomon Islands",
    "iso_code": "SB"
  },
  {
    "country_id": "1195",
    "name": "Somalia",
    "iso_code": "SO"
  },
  {
    "country_id": "1196",
    "name": "South Africa",
    "iso_code": "ZA"
  },
  {
    "country_id": "1197",
    "name": "South Georgia and the South Sandwich Islands",
    "iso_code": "GS"
  },
  {
    "country_id": "1198",
    "name": "Spain",
    "iso_code": "ES"
  },
  {
    "country_id": "1199",
    "name": "Sri Lanka",
    "iso_code": "LK"
  },
  {
    "country_id": "1200",
    "name": "Sudan",
    "iso_code": "SD"
  },
  {
    "country_id": "1201",
    "name": "Suriname",
    "iso_code": "SR"
  },
  {
    "country_id": "1202",
    "name": "Svalbard and Jan Mayen",
    "iso_code": "SJ"
  },
  {
    "country_id": "1203",
    "name": "Swaziland",
    "iso_code": "SZ"
  },
  {
    "country_id": "1204",
    "name": "Sweden",
    "iso_code": "SE"
  },
  {
    "country_id": "1205",
    "name": "Switzerland",
    "iso_code": "CH"
  },
  {
    "country_id": "1206",
    "name": "Syrian Arab Republic",
    "iso_code": "SY"
  },
  {
    "country_id": "1207",
    "name": "Sao Tome and Principe",
    "iso_code": "ST"
  },
  {
    "country_id": "1208",
    "name": "Taiwan",
    "iso_code": "TW"
  },
  {
    "country_id": "1209",
    "name": "Tajikistan",
    "iso_code": "TJ"
  },
  {
    "country_id": "1210",
    "name": "Tanzania, United Republic of",
    "iso_code": "TZ"
  },
  {
    "country_id": "1211",
    "name": "Thailand",
    "iso_code": "TH"
  },
  {
    "country_id": "1212",
    "name": "Bahamas",
    "iso_code": "BS"
  },
  {
    "country_id": "1213",
    "name": "Gambia",
    "iso_code": "GM"
  },
  {
    "country_id": "1214",
    "name": "Togo",
    "iso_code": "TG"
  },
  {
    "country_id": "1215",
    "name": "Tokelau",
    "iso_code": "TK"
  },
  {
    "country_id": "1216",
    "name": "Tonga",
    "iso_code": "TO"
  },
  {
    "country_id": "1217",
    "name": "Trinidad and Tobago",
    "iso_code": "TT"
  },
  {
    "country_id": "1218",
    "name": "Tunisia",
    "iso_code": "TN"
  },
  {
    "country_id": "1219",
    "name": "Turkey",
    "iso_code": "TR"
  },
  {
    "country_id": "1220",
    "name": "Turkmenistan",
    "iso_code": "TM"
  },
  {
    "country_id": "1221",
    "name": "Turks and Caicos Islands",
    "iso_code": "TC"
  },
  {
    "country_id": "1222",
    "name": "Tuvalu",
    "iso_code": "TV"
  },
  {
    "country_id": "1223",
    "name": "Uganda",
    "iso_code": "UG"
  },
  {
    "country_id": "1224",
    "name": "Ukraine",
    "iso_code": "UA"
  },
  {
    "country_id": "1225",
    "name": "United Arab Emirates",
    "iso_code": "AE"
  },
  {
    "country_id": "1226",
    "name": "United Kingdom",
    "iso_code": "GB"
  },
  {
    "country_id": "1227",
    "name": "United States Minor Outlying Islands",
    "iso_code": "UM"
  },
  {
    "country_id": "1228",
    "name": "United States",
    "iso_code": "US"
  },
  {
    "country_id": "1229",
    "name": "Uruguay",
    "iso_code": "UY"
  },
  {
    "country_id": "1230",
    "name": "Uzbekistan",
    "iso_code": "UZ"
  },
  {
    "country_id": "1231",
    "name": "Vanuatu",
    "iso_code": "VU"
  },
  {
    "country_id": "1232",
    "name": "Venezuela",
    "iso_code": "VE"
  },
  {
    "country_id": "1233",
    "name": "Viet Nam",
    "iso_code": "VN"
  },
  {
    "country_id": "1234",
    "name": "Virgin Islands, U.S.",
    "iso_code": "VI"
  },
  {
    "country_id": "1235",
    "name": "Wallis and Futuna",
    "iso_code": "WF"
  },
  {
    "country_id": "1236",
    "name": "Western Sahara",
    "iso_code": "EH"
  },
  {
    "country_id": "1237",
    "name": "Yemen",
    "iso_code": "YE"
  },
  {
    "country_id": "1238",
    "name": "Serbia and Montenegro",
    "iso_code": "CS"
  },
  {
    "country_id": "1239",
    "name": "Zambia",
    "iso_code": "ZM"
  },
  {
    "country_id": "1240",
    "name": "Zimbabwe",
    "iso_code": "ZW"
  },
  {
    "country_id": "1241",
    "name": "Åland Islands",
    "iso_code": "AX"
  },
  {
    "country_id": "1242",
    "name": "Serbia",
    "iso_code": "RS"
  },
  {
    "country_id": "1243",
    "name": "Montenegro",
    "iso_code": "ME"
  },
  {
    "country_id": "1244",
    "name": "Jersey",
    "iso_code": "JE"
  },
  {
    "country_id": "1245",
    "name": "Guernsey",
    "iso_code": "GG"
  },
  {
    "country_id": "1246",
    "name": "Isle of Man",
    "iso_code": "IM"
  }
]
